sign,hebrew_letter_transliteration,tarot_trump,path_number,audit_status,source,book_reference,review_note
Aries,He,The Emperor,15,needs_manual_review,Liber 777 / Golden Dawn framework,,
Taurus,Vav,The Hierophant,16,needs_manual_review,Liber 777 / Golden Dawn framework,,
Gemini,Zayin,The Lovers,17,needs_manual_review,Liber 777 / Golden Dawn framework,,
Cancer,Cheth,The Chariot,18,needs_manual_review,Liber 777 / Golden Dawn framework,,
Leo,Teth,Strength,19,needs_manual_review,Liber 777 / Golden Dawn framework,,
Virgo,Yod,The Hermit,20,needs_manual_review,Liber 777 / Golden Dawn framework,,
Libra,Lamed,Justice,22,needs_manual_review,Liber 777 / Golden Dawn framework,,
Scorpio,Nun,Death,24,needs_manual_review,Liber 777 / Golden Dawn framework,,
Sagittarius,Samekh,Temperance,25,needs_manual_review,Liber 777 / Golden Dawn framework,,
Capricorn,Ayin,The Devil,26,needs_manual_review,Liber 777 / Golden Dawn framework,,
Aquarius,Tzaddi,The Star,28,needs_manual_review,Liber 777 / Golden Dawn framework,,
Pisces,Qoph,The Moon,29,needs_manual_review,Liber 777 / Golden Dawn framework,,
