golden_dawn_number,sign,degree_from,degree_to,planet,angel,scripture_reference,audit_status,source,source_url,book_reference,review_note
1,Leo,0,5,Saturn,Vahuiah,Psalm 3:4,needs_manual_review,Golden Dawn / Shem ha-Mephorash reference transcription,https://www.tarrdaniel.com/documents/Thelemagick/gd/publication/english/Schemhamphorash.html,,
2,Leo,5,10,Saturn,Yelauiel,Psalm 22:20,needs_manual_review,Golden Dawn / Shem ha-Mephorash reference transcription,https://www.tarrdaniel.com/documents/Thelemagick/gd/publication/english/Schemhamphorash.html,,
3,Leo,10,15,Jupiter,Satiel,Psalm 91:2,needs_manual_review,Golden Dawn / Shem ha-Mephorash reference transcription,https://www.tarrdaniel.com/documents/Thelemagick/gd/publication/english/Schemhamphorash.html,,
4,Leo,15,20,Jupiter,Nghelamiah,Psalm 6:5,needs_manual_review,Golden Dawn / Shem ha-Mephorash reference transcription,https://www.tarrdaniel.com/documents/Thelemagick/gd/publication/english/Schemhamphorash.html,,
5,Leo,20,25,Mars,Mahasiah,Psalm 34:5,needs_manual_review,Golden Dawn / Shem ha-Mephorash reference transcription,https://www.tarrdaniel.com/documents/Thelemagick/gd/publication/english/Schemhamphorash.html,,
6,Leo,25,30,Mars,Lelahel,Psalm 9:12,needs_manual_review,Golden Dawn / Shem ha-Mephorash reference transcription,https://www.tarrdaniel.com/documents/Thelemagick/gd/publication/english/Schemhamphorash.html,,
7,Virgo,0,5,Sun,Akaiah,Psalm 103:8,needs_manual_review,Golden Dawn / Shem ha-Mephorash reference transcription,https://www.tarrdaniel.com/documents/Thelemagick/gd/publication/english/Schemhamphorash.html,,
8,Virgo,5,10,Sun,Kehtehel,Psalm 95:6,needs_manual_review,Golden Dawn / Shem ha-Mephorash reference transcription,https://www.tarrdaniel.com/documents/Thelemagick/gd/publication/english/Schemhamphorash.html,,
9,Virgo,10,15,Venus,Hazeyael,Psalm 25:6,needs_manual_review,Golden Dawn / Shem ha-Mephorash reference transcription,https://www.tarrdaniel.com/documents/Thelemagick/gd/publication/english/Schemhamphorash.html,,
10,Virgo,15,20,Venus,Eldiah,Psalm 33:22,needs_manual_review,Golden Dawn / Shem ha-Mephorash reference transcription,https://www.tarrdaniel.com/documents/Thelemagick/gd/publication/english/Schemhamphorash.html,,
11,Virgo,20,25,Mercury,Leviah,Psalm 18:47,needs_manual_review,Golden Dawn / Shem ha-Mephorash reference transcription,https://www.tarrdaniel.com/documents/Thelemagick/gd/publication/english/Schemhamphorash.html,,
12,Virgo,25,30,Mercury,Hihaiah,Psalm 10:1,needs_manual_review,Golden Dawn / Shem ha-Mephorash reference transcription,https://www.tarrdaniel.com/documents/Thelemagick/gd/publication/english/Schemhamphorash.html,,
13,Libra,0,5,Moon,Iezalel,Psalm 98:4,needs_manual_review,Golden Dawn / Shem ha-Mephorash reference transcription,https://www.tarrdaniel.com/documents/Thelemagick/gd/publication/english/Schemhamphorash.html,,
14,Libra,5,10,Moon,Mebahael,Psalm 9:10,needs_manual_review,Golden Dawn / Shem ha-Mephorash reference transcription,https://www.tarrdaniel.com/documents/Thelemagick/gd/publication/english/Schemhamphorash.html,,
15,Libra,10,15,Saturn,Harayel,Psalm 94:22,needs_manual_review,Golden Dawn / Shem ha-Mephorash reference transcription,https://www.tarrdaniel.com/documents/Thelemagick/gd/publication/english/Schemhamphorash.html,,
16,Libra,15,20,Saturn,Hoqamiah,Psalm 88:2,needs_manual_review,Golden Dawn / Shem ha-Mephorash reference transcription,https://www.tarrdaniel.com/documents/Thelemagick/gd/publication/english/Schemhamphorash.html,,
17,Libra,20,25,Jupiter,Laviah,Psalm 8:1,needs_manual_review,Golden Dawn / Shem ha-Mephorash reference transcription,https://www.tarrdaniel.com/documents/Thelemagick/gd/publication/english/Schemhamphorash.html,,
18,Libra,25,30,Jupiter,Keliel,Psalm 25:24,needs_manual_review,Golden Dawn / Shem ha-Mephorash reference transcription,https://www.tarrdaniel.com/documents/Thelemagick/gd/publication/english/Schemhamphorash.html,,
19,Scorpio,0,5,Mars,Livoih,Psalm 40:2,needs_manual_review,Golden Dawn / Shem ha-Mephorash reference transcription,https://www.tarrdaniel.com/documents/Thelemagick/gd/publication/english/Schemhamphorash.html,,
20,Scorpio,5,10,Mars,Pheheliah,Psalm 120:1,needs_manual_review,Golden Dawn / Shem ha-Mephorash reference transcription,https://www.tarrdaniel.com/documents/Thelemagick/gd/publication/english/Schemhamphorash.html,,
21,Scorpio,10,15,Sun,Nelakhel,Psalm 31:15,needs_manual_review,Golden Dawn / Shem ha-Mephorash reference transcription,https://www.tarrdaniel.com/documents/Thelemagick/gd/publication/english/Schemhamphorash.html,,
22,Scorpio,15,20,Sun,Yeiael,Psalm 121:5,needs_manual_review,Golden Dawn / Shem ha-Mephorash reference transcription,https://www.tarrdaniel.com/documents/Thelemagick/gd/publication/english/Schemhamphorash.html,,
23,Scorpio,20,25,Venus,Malahel,Psalm 121:8,needs_manual_review,Golden Dawn / Shem ha-Mephorash reference transcription,https://www.tarrdaniel.com/documents/Thelemagick/gd/publication/english/Schemhamphorash.html,,
24,Scorpio,25,30,Venus,Hahauiah,Psalm 33:18,needs_manual_review,Golden Dawn / Shem ha-Mephorash reference transcription,https://www.tarrdaniel.com/documents/Thelemagick/gd/publication/english/Schemhamphorash.html,,
25,Sagittarius,0,5,Mercury,Nethhiah,Psalm 9:1,needs_manual_review,Golden Dawn / Shem ha-Mephorash reference transcription,https://www.tarrdaniel.com/documents/Thelemagick/gd/publication/english/Schemhamphorash.html,,
26,Sagittarius,5,10,Mercury,Heeiah,Psalm 119:145,needs_manual_review,Golden Dawn / Shem ha-Mephorash reference transcription,https://www.tarrdaniel.com/documents/Thelemagick/gd/publication/english/Schemhamphorash.html,,
27,Sagittarius,10,15,Moon,Irthel,Psalm 140:2,needs_manual_review,Golden Dawn / Shem ha-Mephorash reference transcription,https://www.tarrdaniel.com/documents/Thelemagick/gd/publication/english/Schemhamphorash.html,,
28,Sagittarius,15,20,Moon,Sehaiah,Psalm 71:12,needs_manual_review,Golden Dawn / Shem ha-Mephorash reference transcription,https://www.tarrdaniel.com/documents/Thelemagick/gd/publication/english/Schemhamphorash.html,,
29,Sagittarius,20,25,Saturn,Rayayel,Psalm 54:4,needs_manual_review,Golden Dawn / Shem ha-Mephorash reference transcription,https://www.tarrdaniel.com/documents/Thelemagick/gd/publication/english/Schemhamphorash.html,,
30,Sagittarius,25,30,Saturn,Evamel,Psalm 71:5,needs_manual_review,Golden Dawn / Shem ha-Mephorash reference transcription,https://www.tarrdaniel.com/documents/Thelemagick/gd/publication/english/Schemhamphorash.html,,
31,Capricorn,0,5,Jupiter,Lekabel,Psalm 71:16,needs_manual_review,Golden Dawn / Shem ha-Mephorash reference transcription,https://www.tarrdaniel.com/documents/Thelemagick/gd/publication/english/Schemhamphorash.html,,
32,Capricorn,5,10,Jupiter,Vesheriah,Psalm 33:4,needs_manual_review,Golden Dawn / Shem ha-Mephorash reference transcription,https://www.tarrdaniel.com/documents/Thelemagick/gd/publication/english/Schemhamphorash.html,,
33,Capricorn,10,15,Mars,Yechuiah,Psalm 94:11,needs_manual_review,Golden Dawn / Shem ha-Mephorash reference transcription,https://www.tarrdaniel.com/documents/Thelemagick/gd/publication/english/Schemhamphorash.html,,
34,Capricorn,15,20,Mars,Lehahaih,Psalm 131:3,needs_manual_review,Golden Dawn / Shem ha-Mephorash reference transcription,https://www.tarrdaniel.com/documents/Thelemagick/gd/publication/english/Schemhamphorash.html,,
35,Capricorn,20,25,Sun,Keveqaiah,Psalm 116:1,needs_manual_review,Golden Dawn / Shem ha-Mephorash reference transcription,https://www.tarrdaniel.com/documents/Thelemagick/gd/publication/english/Schemhamphorash.html,,
36,Capricorn,25,30,Sun,Mendiel,Psalm 26:8,needs_manual_review,Golden Dawn / Shem ha-Mephorash reference transcription,https://www.tarrdaniel.com/documents/Thelemagick/gd/publication/english/Schemhamphorash.html,,
37,Aquarius,0,5,Venus,Anaiel,Psalm 80:18,needs_manual_review,Golden Dawn / Shem ha-Mephorash reference transcription,https://www.tarrdaniel.com/documents/Thelemagick/gd/publication/english/Schemhamphorash.html,,
38,Aquarius,5,10,Venus,Chaamiah,Psalm 91:9,needs_manual_review,Golden Dawn / Shem ha-Mephorash reference transcription,https://www.tarrdaniel.com/documents/Thelemagick/gd/publication/english/Schemhamphorash.html,,
39,Aquarius,10,15,Mercury,Reheael,Psalm 30:2,needs_manual_review,Golden Dawn / Shem ha-Mephorash reference transcription,https://www.tarrdaniel.com/documents/Thelemagick/gd/publication/english/Schemhamphorash.html,,
40,Aquarius,15,20,Mercury,Yeizael,Psalm 88:14,needs_manual_review,Golden Dawn / Shem ha-Mephorash reference transcription,https://www.tarrdaniel.com/documents/Thelemagick/gd/publication/english/Schemhamphorash.html,,
41,Aquarius,20,25,Moon,Kehihel,Psalm 12:2,needs_manual_review,Golden Dawn / Shem ha-Mephorash reference transcription,https://www.tarrdaniel.com/documents/Thelemagick/gd/publication/english/Schemhamphorash.html,,
42,Aquarius,25,30,Moon,Mikhael,Psalm 121:7,needs_manual_review,Golden Dawn / Shem ha-Mephorash reference transcription,https://www.tarrdaniel.com/documents/Thelemagick/gd/publication/english/Schemhamphorash.html,,
43,Pisces,0,5,Saturn,Vavaliah,Psalm 88:13,needs_manual_review,Golden Dawn / Shem ha-Mephorash reference transcription,https://www.tarrdaniel.com/documents/Thelemagick/gd/publication/english/Schemhamphorash.html,,
44,Pisces,5,10,Saturn,Ilhaiah,Psalm 119:108,needs_manual_review,Golden Dawn / Shem ha-Mephorash reference transcription,https://www.tarrdaniel.com/documents/Thelemagick/gd/publication/english/Schemhamphorash.html,,
45,Pisces,10,15,Jupiter,Saelaih,Psalm 94:18,needs_manual_review,Golden Dawn / Shem ha-Mephorash reference transcription,https://www.tarrdaniel.com/documents/Thelemagick/gd/publication/english/Schemhamphorash.html,,
46,Pisces,15,20,Jupiter,Ngharaiel,Psalm 145:9,needs_manual_review,Golden Dawn / Shem ha-Mephorash reference transcription,https://www.tarrdaniel.com/documents/Thelemagick/gd/publication/english/Schemhamphorash.html,,
47,Pisces,20,25,Mars,Aslaiah,Psalm 92:5,needs_manual_review,Golden Dawn / Shem ha-Mephorash reference transcription,https://www.tarrdaniel.com/documents/Thelemagick/gd/publication/english/Schemhamphorash.html,,
48,Pisces,25,30,Mars,Mihel,Psalm 98:2,needs_manual_review,Golden Dawn / Shem ha-Mephorash reference transcription,https://www.tarrdaniel.com/documents/Thelemagick/gd/publication/english/Schemhamphorash.html,,
49,Aries,0,5,Mars,Uhauel,Psalm 145:3,needs_manual_review,Golden Dawn / Shem ha-Mephorash reference transcription,https://www.tarrdaniel.com/documents/Thelemagick/gd/publication/english/Schemhamphorash.html,,
50,Aries,5,10,Mars,Deneyael,Psalm 145:8,needs_manual_review,Golden Dawn / Shem ha-Mephorash reference transcription,https://www.tarrdaniel.com/documents/Thelemagick/gd/publication/english/Schemhamphorash.html,,
51,Aries,10,15,Sun,Kechasheiah,Psalm 104:31,needs_manual_review,Golden Dawn / Shem ha-Mephorash reference transcription,https://www.tarrdaniel.com/documents/Thelemagick/gd/publication/english/Schemhamphorash.html,,
52,Aries,15,20,Sun,Amamiah,Psalm 7:17,needs_manual_review,Golden Dawn / Shem ha-Mephorash reference transcription,https://www.tarrdaniel.com/documents/Thelemagick/gd/publication/english/Schemhamphorash.html,,
53,Aries,20,25,Venus,Nangel,Psalm 119:75,needs_manual_review,Golden Dawn / Shem ha-Mephorash reference transcription,https://www.tarrdaniel.com/documents/Thelemagick/gd/publication/english/Schemhamphorash.html,,
54,Aries,25,30,Venus,Nithael,Psalm 103:19,needs_manual_review,Golden Dawn / Shem ha-Mephorash reference transcription,https://www.tarrdaniel.com/documents/Thelemagick/gd/publication/english/Schemhamphorash.html,,
55,Taurus,0,5,Mercury,Mibahaih,Psalm 102:12,needs_manual_review,Golden Dawn / Shem ha-Mephorash reference transcription,https://www.tarrdaniel.com/documents/Thelemagick/gd/publication/english/Schemhamphorash.html,,
56,Taurus,5,10,Mercury,Puiael,Psalm 145:14,needs_manual_review,Golden Dawn / Shem ha-Mephorash reference transcription,https://www.tarrdaniel.com/documents/Thelemagick/gd/publication/english/Schemhamphorash.html,,
57,Taurus,10,15,Moon,Nemamaiah,Psalm 115:11,needs_manual_review,Golden Dawn / Shem ha-Mephorash reference transcription,https://www.tarrdaniel.com/documents/Thelemagick/gd/publication/english/Schemhamphorash.html,,
58,Taurus,15,20,Moon,Yeileel,Psalm 6:3,needs_manual_review,Golden Dawn / Shem ha-Mephorash reference transcription,https://www.tarrdaniel.com/documents/Thelemagick/gd/publication/english/Schemhamphorash.html,,
59,Taurus,20,25,Saturn,Herachael,Psalm 113:3,needs_manual_review,Golden Dawn / Shem ha-Mephorash reference transcription,https://www.tarrdaniel.com/documents/Thelemagick/gd/publication/english/Schemhamphorash.html,,
60,Taurus,25,30,Saturn,Metzrael,Psalm 145:17,needs_manual_review,Golden Dawn / Shem ha-Mephorash reference transcription,https://www.tarrdaniel.com/documents/Thelemagick/gd/publication/english/Schemhamphorash.html,,
61,Gemini,0,5,Jupiter,Vamibael,Psalm 118:2,needs_manual_review,Golden Dawn / Shem ha-Mephorash reference transcription,https://www.tarrdaniel.com/documents/Thelemagick/gd/publication/english/Schemhamphorash.html,,
62,Gemini,5,10,Jupiter,Iahahel,Psalm 119:159,needs_manual_review,Golden Dawn / Shem ha-Mephorash reference transcription,https://www.tarrdaniel.com/documents/Thelemagick/gd/publication/english/Schemhamphorash.html,,
63,Gemini,10,15,Mars,Nghaneauel,Psalm 100:2,needs_manual_review,Golden Dawn / Shem ha-Mephorash reference transcription,https://www.tarrdaniel.com/documents/Thelemagick/gd/publication/english/Schemhamphorash.html,,
64,Gemini,15,20,Mars,Mochaiel,Psalm 33:18,needs_manual_review,Golden Dawn / Shem ha-Mephorash reference transcription,https://www.tarrdaniel.com/documents/Thelemagick/gd/publication/english/Schemhamphorash.html,,
65,Gemini,20,25,Sun,Damabaiah,Psalm 90:13,needs_manual_review,Golden Dawn / Shem ha-Mephorash reference transcription,https://www.tarrdaniel.com/documents/Thelemagick/gd/publication/english/Schemhamphorash.html,,
66,Gemini,25,30,Sun,Menqel,Psalm 38:21,needs_manual_review,Golden Dawn / Shem ha-Mephorash reference transcription,https://www.tarrdaniel.com/documents/Thelemagick/gd/publication/english/Schemhamphorash.html,,
67,Cancer,0,5,Venus,Aiael,Psalm 37:4,needs_manual_review,Golden Dawn / Shem ha-Mephorash reference transcription,https://www.tarrdaniel.com/documents/Thelemagick/gd/publication/english/Schemhamphorash.html,,
68,Cancer,5,10,Venus,Chabeoiah,Psalm 106:1,needs_manual_review,Golden Dawn / Shem ha-Mephorash reference transcription,https://www.tarrdaniel.com/documents/Thelemagick/gd/publication/english/Schemhamphorash.html,,
69,Cancer,10,15,Mercury,Rohael,Psalm 16:5,needs_manual_review,Golden Dawn / Shem ha-Mephorash reference transcription,https://www.tarrdaniel.com/documents/Thelemagick/gd/publication/english/Schemhamphorash.html,,
70,Cancer,15,20,Mercury,Yebamaiah,Genesis 1:1-21,needs_manual_review,Golden Dawn / Shem ha-Mephorash reference transcription,https://www.tarrdaniel.com/documents/Thelemagick/gd/publication/english/Schemhamphorash.html,,
71,Cancer,20,25,Moon,Heyaiel,Psalm 108:30,needs_manual_review,Golden Dawn / Shem ha-Mephorash reference transcription,https://www.tarrdaniel.com/documents/Thelemagick/gd/publication/english/Schemhamphorash.html,,
72,Cancer,25,30,Moon,Mevamiah,Psalm 116:7,needs_manual_review,Golden Dawn / Shem ha-Mephorash reference transcription,https://www.tarrdaniel.com/documents/Thelemagick/gd/publication/english/Schemhamphorash.html,,
